product_URL,sku,brand_name,color,style,bullets,availability,description,technical_specs
https://scrapifydatalabs.com/playground/ecommerce/product-sf-b0np1001,SF-B0NP1001,NovaPulse,"Midnight Black
Cloud White
Ocean Blue
Rose Gold","Standard
With Hard Case","ACTIVE NOISE CANCELLATION — silence commutes with hybrid ANC + transparency mode
40-HOUR BATTERY — full work week playback; 10 min charge = 5 hours
BLUETOOTH 5.3 MULTIPOINT — pair laptop + phone at the same time
ALL-DAY COMFORT — protein leather cushions, 250g lightweight build
CLEAR CALLS — AI dual-mic beamforming for meetings and travel
WHAT'S IN THE BOX — headphones, USB-C cable, 3.5mm aux, travel pouch",In Stock,"Designed for all-day listening

              NovaPulse Wireless Headphones combine hybrid active noise cancellation, multipoint Bluetooth 5.3,
              and a featherweight frame so you can move from desk to flight without swapping gear.
              Custom 40mm drivers deliver balanced mids and tight bass — whether you're in a standup or a subway tunnel.","SKU:SF-B0NP1001|Brand Name:NovaPulse|Model Name:NP-WH-530|Connectivity Technology:Bluetooth 5.3, 3.5mm aux|Wireless Communication:Bluetooth|Noise Control:Active Noise Cancellation|Ear Placement:Over Ear|Form Factor:Over Ear|Battery Life:40 Hours|Charging Time:2 Hours|Item Weight:8.8 ounces|Product Dimensions:7.1 x 6.7 x 3.2 inches|Color:Midnight Black|Material:Plastic, Protein Leather|Compatible Devices:Laptops, Smartphones, Tablets|Age Range:Adult|Country of Origin:Vietnam|UPC:812345678901"
https://scrapifydatalabs.com/playground/ecommerce/product-sf-b0np1001,SF-B0NP1001,NovaPulse,"Midnight Black
Cloud White
Ocean Blue
Rose Gold","Standard
With Hard Case","ACTIVE NOISE CANCELLATION — silence commutes with hybrid ANC + transparency mode
40-HOUR BATTERY — full work week playback; 10 min charge = 5 hours
BLUETOOTH 5.3 MULTIPOINT — pair laptop + phone at the same time
ALL-DAY COMFORT — protein leather cushions, 250g lightweight build
CLEAR CALLS — AI dual-mic beamforming for meetings and travel
WHAT'S IN THE BOX — headphones, USB-C cable, 3.5mm aux, travel pouch",In Stock,"Designed for all-day listening

              NovaPulse Wireless Headphones combine hybrid active noise cancellation, multipoint Bluetooth 5.3,
              and a featherweight frame so you can move from desk to flight without swapping gear.
              Custom 40mm drivers deliver balanced mids and tight bass — whether you're in a standup or a subway tunnel.","SKU:SF-B0NP1001|Brand Name:NovaPulse|Model Name:NP-WH-530|Connectivity Technology:Bluetooth 5.3, 3.5mm aux|Wireless Communication:Bluetooth|Noise Control:Active Noise Cancellation|Ear Placement:Over Ear|Form Factor:Over Ear|Battery Life:40 Hours|Charging Time:2 Hours|Item Weight:8.8 ounces|Product Dimensions:7.1 x 6.7 x 3.2 inches|Color:Midnight Black|Material:Plastic, Protein Leather|Compatible Devices:Laptops, Smartphones, Tablets|Age Range:Adult|Country of Origin:Vietnam|UPC:812345678901"
https://scrapifydatalabs.com/playground/ecommerce/product-sf-b0np1001,SF-B0NP1001,NovaPulse,"Midnight Black
Cloud White
Ocean Blue
Rose Gold","Standard
With Hard Case","ACTIVE NOISE CANCELLATION — silence commutes with hybrid ANC + transparency mode
40-HOUR BATTERY — full work week playback; 10 min charge = 5 hours
BLUETOOTH 5.3 MULTIPOINT — pair laptop + phone at the same time
ALL-DAY COMFORT — protein leather cushions, 250g lightweight build
CLEAR CALLS — AI dual-mic beamforming for meetings and travel
WHAT'S IN THE BOX — headphones, USB-C cable, 3.5mm aux, travel pouch",In Stock,"Designed for all-day listening

              NovaPulse Wireless Headphones combine hybrid active noise cancellation, multipoint Bluetooth 5.3,
              and a featherweight frame so you can move from desk to flight without swapping gear.
              Custom 40mm drivers deliver balanced mids and tight bass — whether you're in a standup or a subway tunnel.","SKU:SF-B0NP1001|Brand Name:NovaPulse|Model Name:NP-WH-530|Connectivity Technology:Bluetooth 5.3, 3.5mm aux|Wireless Communication:Bluetooth|Noise Control:Active Noise Cancellation|Ear Placement:Over Ear|Form Factor:Over Ear|Battery Life:40 Hours|Charging Time:2 Hours|Item Weight:8.8 ounces|Product Dimensions:7.1 x 6.7 x 3.2 inches|Color:Midnight Black|Material:Plastic, Protein Leather|Compatible Devices:Laptops, Smartphones, Tablets|Age Range:Adult|Country of Origin:Vietnam|UPC:812345678901"
https://scrapifydatalabs.com/playground/ecommerce/product-sf-b0np1001,SF-B0NP1001,NovaPulse,"Midnight Black
Cloud White
Ocean Blue
Rose Gold","Standard
With Hard Case","ACTIVE NOISE CANCELLATION — silence commutes with hybrid ANC + transparency mode
40-HOUR BATTERY — full work week playback; 10 min charge = 5 hours
BLUETOOTH 5.3 MULTIPOINT — pair laptop + phone at the same time
ALL-DAY COMFORT — protein leather cushions, 250g lightweight build
CLEAR CALLS — AI dual-mic beamforming for meetings and travel
WHAT'S IN THE BOX — headphones, USB-C cable, 3.5mm aux, travel pouch",In Stock,"Designed for all-day listening

              NovaPulse Wireless Headphones combine hybrid active noise cancellation, multipoint Bluetooth 5.3,
              and a featherweight frame so you can move from desk to flight without swapping gear.
              Custom 40mm drivers deliver balanced mids and tight bass — whether you're in a standup or a subway tunnel.","SKU:SF-B0NP1001|Brand Name:NovaPulse|Model Name:NP-WH-530|Connectivity Technology:Bluetooth 5.3, 3.5mm aux|Wireless Communication:Bluetooth|Noise Control:Active Noise Cancellation|Ear Placement:Over Ear|Form Factor:Over Ear|Battery Life:40 Hours|Charging Time:2 Hours|Item Weight:8.8 ounces|Product Dimensions:7.1 x 6.7 x 3.2 inches|Color:Midnight Black|Material:Plastic, Protein Leather|Compatible Devices:Laptops, Smartphones, Tablets|Age Range:Adult|Country of Origin:Vietnam|UPC:812345678901"
https://scrapifydatalabs.com/playground/ecommerce/product-sf-b0ow2002,SF-B0OW2002,,"Graphite Sport
Rose Gold
Silver Link",,"Built-in GPS for outdoor runs without your phone
24/7 heart rate and blood oxygen monitoring
1.4"" always-on AMOLED display
Up to 7 days typical battery life
5 ATM water resistance for swimming",In Stock,,SKU:SF-B0OW2002|Brand:OrbitFit|Model Name:OF-SW-PRO|Screen Size:1.4 Inches|Battery Life:7 Days|GPS:Built-in|Water Resistance:5 ATM|Operating System:OrbitOS 4
https://scrapifydatalabs.com/playground/ecommerce/product-sf-b0np1001,SF-B0NP1001,NovaPulse,"Midnight Black
Cloud White
Ocean Blue
Rose Gold","Standard
With Hard Case","ACTIVE NOISE CANCELLATION — silence commutes with hybrid ANC + transparency mode
40-HOUR BATTERY — full work week playback; 10 min charge = 5 hours
BLUETOOTH 5.3 MULTIPOINT — pair laptop + phone at the same time
ALL-DAY COMFORT — protein leather cushions, 250g lightweight build
CLEAR CALLS — AI dual-mic beamforming for meetings and travel
WHAT'S IN THE BOX — headphones, USB-C cable, 3.5mm aux, travel pouch",In Stock,"Designed for all-day listening

              NovaPulse Wireless Headphones combine hybrid active noise cancellation, multipoint Bluetooth 5.3,
              and a featherweight frame so you can move from desk to flight without swapping gear.
              Custom 40mm drivers deliver balanced mids and tight bass — whether you're in a standup or a subway tunnel.","SKU:SF-B0NP1001|Brand Name:NovaPulse|Model Name:NP-WH-530|Connectivity Technology:Bluetooth 5.3, 3.5mm aux|Wireless Communication:Bluetooth|Noise Control:Active Noise Cancellation|Ear Placement:Over Ear|Form Factor:Over Ear|Battery Life:40 Hours|Charging Time:2 Hours|Item Weight:8.8 ounces|Product Dimensions:7.1 x 6.7 x 3.2 inches|Color:Midnight Black|Material:Plastic, Protein Leather|Compatible Devices:Laptops, Smartphones, Tablets|Age Range:Adult|Country of Origin:Vietnam|UPC:812345678901"
https://scrapifydatalabs.com/playground/ecommerce/product-sf-b0ow2002,SF-B0OW2002,,"Graphite Sport
Rose Gold
Silver Link",,"Built-in GPS for outdoor runs without your phone
24/7 heart rate and blood oxygen monitoring
1.4"" always-on AMOLED display
Up to 7 days typical battery life
5 ATM water resistance for swimming",In Stock,,SKU:SF-B0OW2002|Brand:OrbitFit|Model Name:OF-SW-PRO|Screen Size:1.4 Inches|Battery Life:7 Days|GPS:Built-in|Water Resistance:5 ATM|Operating System:OrbitOS 4
https://scrapifydatalabs.com/playground/ecommerce/product-sf-b0ow2002,SF-B0OW2002,,"Graphite Sport
Rose Gold
Silver Link",,"Built-in GPS for outdoor runs without your phone
24/7 heart rate and blood oxygen monitoring
1.4"" always-on AMOLED display
Up to 7 days typical battery life
5 ATM water resistance for swimming",In Stock,,SKU:SF-B0OW2002|Brand:OrbitFit|Model Name:OF-SW-PRO|Screen Size:1.4 Inches|Battery Life:7 Days|GPS:Built-in|Water Resistance:5 ATM|Operating System:OrbitOS 4
https://scrapifydatalabs.com/playground/ecommerce/product-sf-b0np1001,SF-B0NP1001,NovaPulse,"Midnight Black
Cloud White
Ocean Blue
Rose Gold","Standard
With Hard Case","ACTIVE NOISE CANCELLATION — silence commutes with hybrid ANC + transparency mode
40-HOUR BATTERY — full work week playback; 10 min charge = 5 hours
BLUETOOTH 5.3 MULTIPOINT — pair laptop + phone at the same time
ALL-DAY COMFORT — protein leather cushions, 250g lightweight build
CLEAR CALLS — AI dual-mic beamforming for meetings and travel
WHAT'S IN THE BOX — headphones, USB-C cable, 3.5mm aux, travel pouch",In Stock,"Designed for all-day listening

              NovaPulse Wireless Headphones combine hybrid active noise cancellation, multipoint Bluetooth 5.3,
              and a featherweight frame so you can move from desk to flight without swapping gear.
              Custom 40mm drivers deliver balanced mids and tight bass — whether you're in a standup or a subway tunnel.","SKU:SF-B0NP1001|Brand Name:NovaPulse|Model Name:NP-WH-530|Connectivity Technology:Bluetooth 5.3, 3.5mm aux|Wireless Communication:Bluetooth|Noise Control:Active Noise Cancellation|Ear Placement:Over Ear|Form Factor:Over Ear|Battery Life:40 Hours|Charging Time:2 Hours|Item Weight:8.8 ounces|Product Dimensions:7.1 x 6.7 x 3.2 inches|Color:Midnight Black|Material:Plastic, Protein Leather|Compatible Devices:Laptops, Smartphones, Tablets|Age Range:Adult|Country of Origin:Vietnam|UPC:812345678901"
https://scrapifydatalabs.com/playground/ecommerce/product-sf-b0ow2002,SF-B0OW2002,,"Graphite Sport
Rose Gold
Silver Link",,"Built-in GPS for outdoor runs without your phone
24/7 heart rate and blood oxygen monitoring
1.4"" always-on AMOLED display
Up to 7 days typical battery life
5 ATM water resistance for swimming",In Stock,,SKU:SF-B0OW2002|Brand:OrbitFit|Model Name:OF-SW-PRO|Screen Size:1.4 Inches|Battery Life:7 Days|GPS:Built-in|Water Resistance:5 ATM|Operating System:OrbitOS 4
https://scrapifydatalabs.com/playground/ecommerce/product-sf-b0ow2002,SF-B0OW2002,,"Graphite Sport
Rose Gold
Silver Link",,"Built-in GPS for outdoor runs without your phone
24/7 heart rate and blood oxygen monitoring
1.4"" always-on AMOLED display
Up to 7 days typical battery life
5 ATM water resistance for swimming",In Stock,,SKU:SF-B0OW2002|Brand:OrbitFit|Model Name:OF-SW-PRO|Screen Size:1.4 Inches|Battery Life:7 Days|GPS:Built-in|Water Resistance:5 ATM|Operating System:OrbitOS 4
https://scrapifydatalabs.com/playground/ecommerce/product-sf-b0ow2002,SF-B0OW2002,,"Graphite Sport
Rose Gold
Silver Link",,"Built-in GPS for outdoor runs without your phone
24/7 heart rate and blood oxygen monitoring
1.4"" always-on AMOLED display
Up to 7 days typical battery life
5 ATM water resistance for swimming",In Stock,,SKU:SF-B0OW2002|Brand:OrbitFit|Model Name:OF-SW-PRO|Screen Size:1.4 Inches|Battery Life:7 Days|GPS:Built-in|Water Resistance:5 ATM|Operating System:OrbitOS 4
https://scrapifydatalabs.com/playground/ecommerce/product-sf-b0ow2002,SF-B0OW2002,,"Graphite Sport
Rose Gold
Silver Link",,"Built-in GPS for outdoor runs without your phone
24/7 heart rate and blood oxygen monitoring
1.4"" always-on AMOLED display
Up to 7 days typical battery life
5 ATM water resistance for swimming",In Stock,,SKU:SF-B0OW2002|Brand:OrbitFit|Model Name:OF-SW-PRO|Screen Size:1.4 Inches|Battery Life:7 Days|GPS:Built-in|Water Resistance:5 ATM|Operating System:OrbitOS 4
https://scrapifydatalabs.com/playground/ecommerce/product-sf-b0ow2002,SF-B0OW2002,,"Graphite Sport
Rose Gold
Silver Link",,"Built-in GPS for outdoor runs without your phone
24/7 heart rate and blood oxygen monitoring
1.4"" always-on AMOLED display
Up to 7 days typical battery life
5 ATM water resistance for swimming",In Stock,,SKU:SF-B0OW2002|Brand:OrbitFit|Model Name:OF-SW-PRO|Screen Size:1.4 Inches|Battery Life:7 Days|GPS:Built-in|Water Resistance:5 ATM|Operating System:OrbitOS 4
https://scrapifydatalabs.com/playground/ecommerce/product-sf-b0ow2002,SF-B0OW2002,,"Graphite Sport
Rose Gold
Silver Link",,"Built-in GPS for outdoor runs without your phone
24/7 heart rate and blood oxygen monitoring
1.4"" always-on AMOLED display
Up to 7 days typical battery life
5 ATM water resistance for swimming",In Stock,,SKU:SF-B0OW2002|Brand:OrbitFit|Model Name:OF-SW-PRO|Screen Size:1.4 Inches|Battery Life:7 Days|GPS:Built-in|Water Resistance:5 ATM|Operating System:OrbitOS 4
https://scrapifydatalabs.com/playground/ecommerce/product-sf-b0ow2002,SF-B0OW2002,,"Graphite Sport
Rose Gold
Silver Link",,"Built-in GPS for outdoor runs without your phone
24/7 heart rate and blood oxygen monitoring
1.4"" always-on AMOLED display
Up to 7 days typical battery life
5 ATM water resistance for swimming",In Stock,,SKU:SF-B0OW2002|Brand:OrbitFit|Model Name:OF-SW-PRO|Screen Size:1.4 Inches|Battery Life:7 Days|GPS:Built-in|Water Resistance:5 ATM|Operating System:OrbitOS 4
https://scrapifydatalabs.com/playground/ecommerce/product-sf-b0np1001,SF-B0NP1001,NovaPulse,"Midnight Black
Cloud White
Ocean Blue
Rose Gold","Standard
With Hard Case","ACTIVE NOISE CANCELLATION — silence commutes with hybrid ANC + transparency mode
40-HOUR BATTERY — full work week playback; 10 min charge = 5 hours
BLUETOOTH 5.3 MULTIPOINT — pair laptop + phone at the same time
ALL-DAY COMFORT — protein leather cushions, 250g lightweight build
CLEAR CALLS — AI dual-mic beamforming for meetings and travel
WHAT'S IN THE BOX — headphones, USB-C cable, 3.5mm aux, travel pouch",In Stock,"Designed for all-day listening

              NovaPulse Wireless Headphones combine hybrid active noise cancellation, multipoint Bluetooth 5.3,
              and a featherweight frame so you can move from desk to flight without swapping gear.
              Custom 40mm drivers deliver balanced mids and tight bass — whether you're in a standup or a subway tunnel.","SKU:SF-B0NP1001|Brand Name:NovaPulse|Model Name:NP-WH-530|Connectivity Technology:Bluetooth 5.3, 3.5mm aux|Wireless Communication:Bluetooth|Noise Control:Active Noise Cancellation|Ear Placement:Over Ear|Form Factor:Over Ear|Battery Life:40 Hours|Charging Time:2 Hours|Item Weight:8.8 ounces|Product Dimensions:7.1 x 6.7 x 3.2 inches|Color:Midnight Black|Material:Plastic, Protein Leather|Compatible Devices:Laptops, Smartphones, Tablets|Age Range:Adult|Country of Origin:Vietnam|UPC:812345678901"
https://scrapifydatalabs.com/playground/ecommerce/product-sf-b0np1001,SF-B0NP1001,NovaPulse,"Midnight Black
Cloud White
Ocean Blue
Rose Gold","Standard
With Hard Case","ACTIVE NOISE CANCELLATION — silence commutes with hybrid ANC + transparency mode
40-HOUR BATTERY — full work week playback; 10 min charge = 5 hours
BLUETOOTH 5.3 MULTIPOINT — pair laptop + phone at the same time
ALL-DAY COMFORT — protein leather cushions, 250g lightweight build
CLEAR CALLS — AI dual-mic beamforming for meetings and travel
WHAT'S IN THE BOX — headphones, USB-C cable, 3.5mm aux, travel pouch",In Stock,"Designed for all-day listening

              NovaPulse Wireless Headphones combine hybrid active noise cancellation, multipoint Bluetooth 5.3,
              and a featherweight frame so you can move from desk to flight without swapping gear.
              Custom 40mm drivers deliver balanced mids and tight bass — whether you're in a standup or a subway tunnel.","SKU:SF-B0NP1001|Brand Name:NovaPulse|Model Name:NP-WH-530|Connectivity Technology:Bluetooth 5.3, 3.5mm aux|Wireless Communication:Bluetooth|Noise Control:Active Noise Cancellation|Ear Placement:Over Ear|Form Factor:Over Ear|Battery Life:40 Hours|Charging Time:2 Hours|Item Weight:8.8 ounces|Product Dimensions:7.1 x 6.7 x 3.2 inches|Color:Midnight Black|Material:Plastic, Protein Leather|Compatible Devices:Laptops, Smartphones, Tablets|Age Range:Adult|Country of Origin:Vietnam|UPC:812345678901"
https://scrapifydatalabs.com/playground/ecommerce/product-sf-b0np1001,SF-B0NP1001,NovaPulse,"Midnight Black
Cloud White
Ocean Blue
Rose Gold","Standard
With Hard Case","ACTIVE NOISE CANCELLATION — silence commutes with hybrid ANC + transparency mode
40-HOUR BATTERY — full work week playback; 10 min charge = 5 hours
BLUETOOTH 5.3 MULTIPOINT — pair laptop + phone at the same time
ALL-DAY COMFORT — protein leather cushions, 250g lightweight build
CLEAR CALLS — AI dual-mic beamforming for meetings and travel
WHAT'S IN THE BOX — headphones, USB-C cable, 3.5mm aux, travel pouch",In Stock,"Designed for all-day listening

              NovaPulse Wireless Headphones combine hybrid active noise cancellation, multipoint Bluetooth 5.3,
              and a featherweight frame so you can move from desk to flight without swapping gear.
              Custom 40mm drivers deliver balanced mids and tight bass — whether you're in a standup or a subway tunnel.","SKU:SF-B0NP1001|Brand Name:NovaPulse|Model Name:NP-WH-530|Connectivity Technology:Bluetooth 5.3, 3.5mm aux|Wireless Communication:Bluetooth|Noise Control:Active Noise Cancellation|Ear Placement:Over Ear|Form Factor:Over Ear|Battery Life:40 Hours|Charging Time:2 Hours|Item Weight:8.8 ounces|Product Dimensions:7.1 x 6.7 x 3.2 inches|Color:Midnight Black|Material:Plastic, Protein Leather|Compatible Devices:Laptops, Smartphones, Tablets|Age Range:Adult|Country of Origin:Vietnam|UPC:812345678901"
https://scrapifydatalabs.com/playground/ecommerce/product-sf-b0np1001,SF-B0NP1001,NovaPulse,"Midnight Black
Cloud White
Ocean Blue
Rose Gold","Standard
With Hard Case","ACTIVE NOISE CANCELLATION — silence commutes with hybrid ANC + transparency mode
40-HOUR BATTERY — full work week playback; 10 min charge = 5 hours
BLUETOOTH 5.3 MULTIPOINT — pair laptop + phone at the same time
ALL-DAY COMFORT — protein leather cushions, 250g lightweight build
CLEAR CALLS — AI dual-mic beamforming for meetings and travel
WHAT'S IN THE BOX — headphones, USB-C cable, 3.5mm aux, travel pouch",In Stock,"Designed for all-day listening

              NovaPulse Wireless Headphones combine hybrid active noise cancellation, multipoint Bluetooth 5.3,
              and a featherweight frame so you can move from desk to flight without swapping gear.
              Custom 40mm drivers deliver balanced mids and tight bass — whether you're in a standup or a subway tunnel.","SKU:SF-B0NP1001|Brand Name:NovaPulse|Model Name:NP-WH-530|Connectivity Technology:Bluetooth 5.3, 3.5mm aux|Wireless Communication:Bluetooth|Noise Control:Active Noise Cancellation|Ear Placement:Over Ear|Form Factor:Over Ear|Battery Life:40 Hours|Charging Time:2 Hours|Item Weight:8.8 ounces|Product Dimensions:7.1 x 6.7 x 3.2 inches|Color:Midnight Black|Material:Plastic, Protein Leather|Compatible Devices:Laptops, Smartphones, Tablets|Age Range:Adult|Country of Origin:Vietnam|UPC:812345678901"
https://scrapifydatalabs.com/playground/ecommerce/product-sf-b0ow2002,SF-B0OW2002,,"Graphite Sport
Rose Gold
Silver Link",,"Built-in GPS for outdoor runs without your phone
24/7 heart rate and blood oxygen monitoring
1.4"" always-on AMOLED display
Up to 7 days typical battery life
5 ATM water resistance for swimming",In Stock,,SKU:SF-B0OW2002|Brand:OrbitFit|Model Name:OF-SW-PRO|Screen Size:1.4 Inches|Battery Life:7 Days|GPS:Built-in|Water Resistance:5 ATM|Operating System:OrbitOS 4
https://scrapifydatalabs.com/playground/ecommerce/product-sf-b0ow2002,SF-B0OW2002,,"Graphite Sport
Rose Gold
Silver Link",,"Built-in GPS for outdoor runs without your phone
24/7 heart rate and blood oxygen monitoring
1.4"" always-on AMOLED display
Up to 7 days typical battery life
5 ATM water resistance for swimming",In Stock,,SKU:SF-B0OW2002|Brand:OrbitFit|Model Name:OF-SW-PRO|Screen Size:1.4 Inches|Battery Life:7 Days|GPS:Built-in|Water Resistance:5 ATM|Operating System:OrbitOS 4
https://scrapifydatalabs.com/playground/ecommerce/product-sf-b0ow2002,SF-B0OW2002,,"Graphite Sport
Rose Gold
Silver Link",,"Built-in GPS for outdoor runs without your phone
24/7 heart rate and blood oxygen monitoring
1.4"" always-on AMOLED display
Up to 7 days typical battery life
5 ATM water resistance for swimming",In Stock,,SKU:SF-B0OW2002|Brand:OrbitFit|Model Name:OF-SW-PRO|Screen Size:1.4 Inches|Battery Life:7 Days|GPS:Built-in|Water Resistance:5 ATM|Operating System:OrbitOS 4
https://scrapifydatalabs.com/playground/ecommerce/product-sf-b0ow2002,SF-B0OW2002,,"Graphite Sport
Rose Gold
Silver Link",,"Built-in GPS for outdoor runs without your phone
24/7 heart rate and blood oxygen monitoring
1.4"" always-on AMOLED display
Up to 7 days typical battery life
5 ATM water resistance for swimming",In Stock,,SKU:SF-B0OW2002|Brand:OrbitFit|Model Name:OF-SW-PRO|Screen Size:1.4 Inches|Battery Life:7 Days|GPS:Built-in|Water Resistance:5 ATM|Operating System:OrbitOS 4
https://scrapifydatalabs.com/playground/ecommerce/product-sf-b0ow2002,SF-B0OW2002,,"Graphite Sport
Rose Gold
Silver Link",,"Built-in GPS for outdoor runs without your phone
24/7 heart rate and blood oxygen monitoring
1.4"" always-on AMOLED display
Up to 7 days typical battery life
5 ATM water resistance for swimming",In Stock,,SKU:SF-B0OW2002|Brand:OrbitFit|Model Name:OF-SW-PRO|Screen Size:1.4 Inches|Battery Life:7 Days|GPS:Built-in|Water Resistance:5 ATM|Operating System:OrbitOS 4
https://scrapifydatalabs.com/playground/ecommerce/product-sf-b0ow2002,SF-B0OW2002,,"Graphite Sport
Rose Gold
Silver Link",,"Built-in GPS for outdoor runs without your phone
24/7 heart rate and blood oxygen monitoring
1.4"" always-on AMOLED display
Up to 7 days typical battery life
5 ATM water resistance for swimming",In Stock,,SKU:SF-B0OW2002|Brand:OrbitFit|Model Name:OF-SW-PRO|Screen Size:1.4 Inches|Battery Life:7 Days|GPS:Built-in|Water Resistance:5 ATM|Operating System:OrbitOS 4
https://scrapifydatalabs.com/playground/ecommerce/product-sf-b0ow2002,SF-B0OW2002,,"Graphite Sport
Rose Gold
Silver Link",,"Built-in GPS for outdoor runs without your phone
24/7 heart rate and blood oxygen monitoring
1.4"" always-on AMOLED display
Up to 7 days typical battery life
5 ATM water resistance for swimming",In Stock,,SKU:SF-B0OW2002|Brand:OrbitFit|Model Name:OF-SW-PRO|Screen Size:1.4 Inches|Battery Life:7 Days|GPS:Built-in|Water Resistance:5 ATM|Operating System:OrbitOS 4
https://scrapifydatalabs.com/playground/ecommerce/product-sf-b0ow2002,SF-B0OW2002,,"Graphite Sport
Rose Gold
Silver Link",,"Built-in GPS for outdoor runs without your phone
24/7 heart rate and blood oxygen monitoring
1.4"" always-on AMOLED display
Up to 7 days typical battery life
5 ATM water resistance for swimming",In Stock,,SKU:SF-B0OW2002|Brand:OrbitFit|Model Name:OF-SW-PRO|Screen Size:1.4 Inches|Battery Life:7 Days|GPS:Built-in|Water Resistance:5 ATM|Operating System:OrbitOS 4
https://scrapifydatalabs.com/playground/ecommerce/product-sf-b0ow2002,SF-B0OW2002,,"Graphite Sport
Rose Gold
Silver Link",,"Built-in GPS for outdoor runs without your phone
24/7 heart rate and blood oxygen monitoring
1.4"" always-on AMOLED display
Up to 7 days typical battery life
5 ATM water resistance for swimming",In Stock,,SKU:SF-B0OW2002|Brand:OrbitFit|Model Name:OF-SW-PRO|Screen Size:1.4 Inches|Battery Life:7 Days|GPS:Built-in|Water Resistance:5 ATM|Operating System:OrbitOS 4
https://scrapifydatalabs.com/playground/ecommerce/product-sf-b0ow2002,SF-B0OW2002,,"Graphite Sport
Rose Gold
Silver Link",,"Built-in GPS for outdoor runs without your phone
24/7 heart rate and blood oxygen monitoring
1.4"" always-on AMOLED display
Up to 7 days typical battery life
5 ATM water resistance for swimming",In Stock,,SKU:SF-B0OW2002|Brand:OrbitFit|Model Name:OF-SW-PRO|Screen Size:1.4 Inches|Battery Life:7 Days|GPS:Built-in|Water Resistance:5 ATM|Operating System:OrbitOS 4
https://scrapifydatalabs.com/playground/ecommerce/product-sf-b0ow2002,SF-B0OW2002,,"Graphite Sport
Rose Gold
Silver Link",,"Built-in GPS for outdoor runs without your phone
24/7 heart rate and blood oxygen monitoring
1.4"" always-on AMOLED display
Up to 7 days typical battery life
5 ATM water resistance for swimming",In Stock,,SKU:SF-B0OW2002|Brand:OrbitFit|Model Name:OF-SW-PRO|Screen Size:1.4 Inches|Battery Life:7 Days|GPS:Built-in|Water Resistance:5 ATM|Operating System:OrbitOS 4
https://scrapifydatalabs.com/playground/ecommerce/product-sf-b0ow2002,SF-B0OW2002,,"Graphite Sport
Rose Gold
Silver Link",,"Built-in GPS for outdoor runs without your phone
24/7 heart rate and blood oxygen monitoring
1.4"" always-on AMOLED display
Up to 7 days typical battery life
5 ATM water resistance for swimming",In Stock,,SKU:SF-B0OW2002|Brand:OrbitFit|Model Name:OF-SW-PRO|Screen Size:1.4 Inches|Battery Life:7 Days|GPS:Built-in|Water Resistance:5 ATM|Operating System:OrbitOS 4
https://scrapifydatalabs.com/playground/ecommerce/product-sf-b0ow2002,SF-B0OW2002,,"Graphite Sport
Rose Gold
Silver Link",,"Built-in GPS for outdoor runs without your phone
24/7 heart rate and blood oxygen monitoring
1.4"" always-on AMOLED display
Up to 7 days typical battery life
5 ATM water resistance for swimming",In Stock,,SKU:SF-B0OW2002|Brand:OrbitFit|Model Name:OF-SW-PRO|Screen Size:1.4 Inches|Battery Life:7 Days|GPS:Built-in|Water Resistance:5 ATM|Operating System:OrbitOS 4
https://scrapifydatalabs.com/playground/ecommerce/product-sf-b0ow2002,SF-B0OW2002,,"Graphite Sport
Rose Gold
Silver Link",,"Built-in GPS for outdoor runs without your phone
24/7 heart rate and blood oxygen monitoring
1.4"" always-on AMOLED display
Up to 7 days typical battery life
5 ATM water resistance for swimming",In Stock,,SKU:SF-B0OW2002|Brand:OrbitFit|Model Name:OF-SW-PRO|Screen Size:1.4 Inches|Battery Life:7 Days|GPS:Built-in|Water Resistance:5 ATM|Operating System:OrbitOS 4
https://scrapifydatalabs.com/playground/ecommerce/product-sf-b0ow2002,SF-B0OW2002,,"Graphite Sport
Rose Gold
Silver Link",,"Built-in GPS for outdoor runs without your phone
24/7 heart rate and blood oxygen monitoring
1.4"" always-on AMOLED display
Up to 7 days typical battery life
5 ATM water resistance for swimming",In Stock,,SKU:SF-B0OW2002|Brand:OrbitFit|Model Name:OF-SW-PRO|Screen Size:1.4 Inches|Battery Life:7 Days|GPS:Built-in|Water Resistance:5 ATM|Operating System:OrbitOS 4
https://scrapifydatalabs.com/playground/ecommerce/product-sf-b0ow2002,SF-B0OW2002,,"Graphite Sport
Rose Gold
Silver Link",,"Built-in GPS for outdoor runs without your phone
24/7 heart rate and blood oxygen monitoring
1.4"" always-on AMOLED display
Up to 7 days typical battery life
5 ATM water resistance for swimming",In Stock,,SKU:SF-B0OW2002|Brand:OrbitFit|Model Name:OF-SW-PRO|Screen Size:1.4 Inches|Battery Life:7 Days|GPS:Built-in|Water Resistance:5 ATM|Operating System:OrbitOS 4
