name,price,rating,fastShip_status,review_count,product_URL,sku,brand_name,color,style,bullets,availability,description,technical_specs
"NovaPulse AirMax ANC Headphones — Noise Cancelling, 40h Battery",$14900,★★★★☆,FastShip,"12,408",https://scrapifydatalabs.com/playground/ecommerce/product-sf-b0np1001,SF-B0NP1001,NovaPulse,"Midnight Black
Cloud White
Ocean Blue
Rose Gold","Standard
With Hard Case","ACTIVE NOISE CANCELLATION — silence commutes with hybrid ANC + transparency mode
40-HOUR BATTERY — full work week playback; 10 min charge = 5 hours
BLUETOOTH 5.3 MULTIPOINT — pair laptop + phone at the same time
ALL-DAY COMFORT — protein leather cushions, 250g lightweight build
CLEAR CALLS — AI dual-mic beamforming for meetings and travel
WHAT'S IN THE BOX — headphones, USB-C cable, 3.5mm aux, travel pouch",In Stock,"Designed for all-day listening

              NovaPulse Wireless Headphones combine hybrid active noise cancellation, multipoint Bluetooth 5.3,
              and a featherweight frame so you can move from desk to flight without swapping gear.
              Custom 40mm drivers deliver balanced mids and tight bass — whether you're in a standup or a subway tunnel.","SKU:SF-B0NP1001|Brand Name:NovaPulse|Model Name:NP-WH-530|Connectivity Technology:Bluetooth 5.3, 3.5mm aux|Wireless Communication:Bluetooth|Noise Control:Active Noise Cancellation|Ear Placement:Over Ear|Form Factor:Over Ear|Battery Life:40 Hours|Charging Time:2 Hours|Item Weight:8.8 ounces|Product Dimensions:7.1 x 6.7 x 3.2 inches|Color:Midnight Black|Material:Plastic, Protein Leather|Compatible Devices:Laptops, Smartphones, Tablets|Age Range:Adult|Country of Origin:Vietnam|UPC:812345678901"
"NovaPulse Wireless Headphones — Over-Ear, Built-in Mic",$12999,★★★★★,FastShip,214,https://scrapifydatalabs.com/playground/ecommerce/product-sf-b0np1001,SF-B0NP1001,NovaPulse,"Midnight Black
Cloud White
Ocean Blue
Rose Gold","Standard
With Hard Case","ACTIVE NOISE CANCELLATION — silence commutes with hybrid ANC + transparency mode
40-HOUR BATTERY — full work week playback; 10 min charge = 5 hours
BLUETOOTH 5.3 MULTIPOINT — pair laptop + phone at the same time
ALL-DAY COMFORT — protein leather cushions, 250g lightweight build
CLEAR CALLS — AI dual-mic beamforming for meetings and travel
WHAT'S IN THE BOX — headphones, USB-C cable, 3.5mm aux, travel pouch",In Stock,"Designed for all-day listening

              NovaPulse Wireless Headphones combine hybrid active noise cancellation, multipoint Bluetooth 5.3,
              and a featherweight frame so you can move from desk to flight without swapping gear.
              Custom 40mm drivers deliver balanced mids and tight bass — whether you're in a standup or a subway tunnel.","SKU:SF-B0NP1001|Brand Name:NovaPulse|Model Name:NP-WH-530|Connectivity Technology:Bluetooth 5.3, 3.5mm aux|Wireless Communication:Bluetooth|Noise Control:Active Noise Cancellation|Ear Placement:Over Ear|Form Factor:Over Ear|Battery Life:40 Hours|Charging Time:2 Hours|Item Weight:8.8 ounces|Product Dimensions:7.1 x 6.7 x 3.2 inches|Color:Midnight Black|Material:Plastic, Protein Leather|Compatible Devices:Laptops, Smartphones, Tablets|Age Range:Adult|Country of Origin:Vietnam|UPC:812345678901"
"NovaPulse Sport Buds — IPX5, 24h Case Battery",$7900,★★★★☆,FastShip,"3,220",https://scrapifydatalabs.com/playground/ecommerce/product-sf-b0np1001,SF-B0NP1001,NovaPulse,"Midnight Black
Cloud White
Ocean Blue
Rose Gold","Standard
With Hard Case","ACTIVE NOISE CANCELLATION — silence commutes with hybrid ANC + transparency mode
40-HOUR BATTERY — full work week playback; 10 min charge = 5 hours
BLUETOOTH 5.3 MULTIPOINT — pair laptop + phone at the same time
ALL-DAY COMFORT — protein leather cushions, 250g lightweight build
CLEAR CALLS — AI dual-mic beamforming for meetings and travel
WHAT'S IN THE BOX — headphones, USB-C cable, 3.5mm aux, travel pouch",In Stock,"Designed for all-day listening

              NovaPulse Wireless Headphones combine hybrid active noise cancellation, multipoint Bluetooth 5.3,
              and a featherweight frame so you can move from desk to flight without swapping gear.
              Custom 40mm drivers deliver balanced mids and tight bass — whether you're in a standup or a subway tunnel.","SKU:SF-B0NP1001|Brand Name:NovaPulse|Model Name:NP-WH-530|Connectivity Technology:Bluetooth 5.3, 3.5mm aux|Wireless Communication:Bluetooth|Noise Control:Active Noise Cancellation|Ear Placement:Over Ear|Form Factor:Over Ear|Battery Life:40 Hours|Charging Time:2 Hours|Item Weight:8.8 ounces|Product Dimensions:7.1 x 6.7 x 3.2 inches|Color:Midnight Black|Material:Plastic, Protein Leather|Compatible Devices:Laptops, Smartphones, Tablets|Age Range:Adult|Country of Origin:Vietnam|UPC:812345678901"
ClearCast Studio Monitor Headphones — Wired 3.5mm,$5900,★★★★☆,,188,https://scrapifydatalabs.com/playground/ecommerce/product-sf-b0np1001,SF-B0NP1001,NovaPulse,"Midnight Black
Cloud White
Ocean Blue
Rose Gold","Standard
With Hard Case","ACTIVE NOISE CANCELLATION — silence commutes with hybrid ANC + transparency mode
40-HOUR BATTERY — full work week playback; 10 min charge = 5 hours
BLUETOOTH 5.3 MULTIPOINT — pair laptop + phone at the same time
ALL-DAY COMFORT — protein leather cushions, 250g lightweight build
CLEAR CALLS — AI dual-mic beamforming for meetings and travel
WHAT'S IN THE BOX — headphones, USB-C cable, 3.5mm aux, travel pouch",In Stock,"Designed for all-day listening

              NovaPulse Wireless Headphones combine hybrid active noise cancellation, multipoint Bluetooth 5.3,
              and a featherweight frame so you can move from desk to flight without swapping gear.
              Custom 40mm drivers deliver balanced mids and tight bass — whether you're in a standup or a subway tunnel.","SKU:SF-B0NP1001|Brand Name:NovaPulse|Model Name:NP-WH-530|Connectivity Technology:Bluetooth 5.3, 3.5mm aux|Wireless Communication:Bluetooth|Noise Control:Active Noise Cancellation|Ear Placement:Over Ear|Form Factor:Over Ear|Battery Life:40 Hours|Charging Time:2 Hours|Item Weight:8.8 ounces|Product Dimensions:7.1 x 6.7 x 3.2 inches|Color:Midnight Black|Material:Plastic, Protein Leather|Compatible Devices:Laptops, Smartphones, Tablets|Age Range:Adult|Country of Origin:Vietnam|UPC:812345678901"
WaveBar Open-Ear Sport Buds — Renewed,$3450,★★★★☆,FastShip,92,https://scrapifydatalabs.com/playground/ecommerce/product-sf-b0ow2002,SF-B0OW2002,,"Graphite Sport
Rose Gold
Silver Link",,"Built-in GPS for outdoor runs without your phone
24/7 heart rate and blood oxygen monitoring
1.4"" always-on AMOLED display
Up to 7 days typical battery life
5 ATM water resistance for swimming",In Stock,,SKU:SF-B0OW2002|Brand:OrbitFit|Model Name:OF-SW-PRO|Screen Size:1.4 Inches|Battery Life:7 Days|GPS:Built-in|Water Resistance:5 ATM|Operating System:OrbitOS 4
"ClickForge Mechanical Keyboard — Hot-Swap, RGB, TKL",$8900,★★★★★,FastShip,"1,203",https://scrapifydatalabs.com/playground/ecommerce/product-sf-b0np1001,SF-B0NP1001,NovaPulse,"Midnight Black
Cloud White
Ocean Blue
Rose Gold","Standard
With Hard Case","ACTIVE NOISE CANCELLATION — silence commutes with hybrid ANC + transparency mode
40-HOUR BATTERY — full work week playback; 10 min charge = 5 hours
BLUETOOTH 5.3 MULTIPOINT — pair laptop + phone at the same time
ALL-DAY COMFORT — protein leather cushions, 250g lightweight build
CLEAR CALLS — AI dual-mic beamforming for meetings and travel
WHAT'S IN THE BOX — headphones, USB-C cable, 3.5mm aux, travel pouch",In Stock,"Designed for all-day listening

              NovaPulse Wireless Headphones combine hybrid active noise cancellation, multipoint Bluetooth 5.3,
              and a featherweight frame so you can move from desk to flight without swapping gear.
              Custom 40mm drivers deliver balanced mids and tight bass — whether you're in a standup or a subway tunnel.","SKU:SF-B0NP1001|Brand Name:NovaPulse|Model Name:NP-WH-530|Connectivity Technology:Bluetooth 5.3, 3.5mm aux|Wireless Communication:Bluetooth|Noise Control:Active Noise Cancellation|Ear Placement:Over Ear|Form Factor:Over Ear|Battery Life:40 Hours|Charging Time:2 Hours|Item Weight:8.8 ounces|Product Dimensions:7.1 x 6.7 x 3.2 inches|Color:Midnight Black|Material:Plastic, Protein Leather|Compatible Devices:Laptops, Smartphones, Tablets|Age Range:Adult|Country of Origin:Vietnam|UPC:812345678901"
"SwiftClick Silent Mouse — Ergonomic, 4000 DPI",$2450,★★★★☆,FastShip,412,https://scrapifydatalabs.com/playground/ecommerce/product-sf-b0ow2002,SF-B0OW2002,,"Graphite Sport
Rose Gold
Silver Link",,"Built-in GPS for outdoor runs without your phone
24/7 heart rate and blood oxygen monitoring
1.4"" always-on AMOLED display
Up to 7 days typical battery life
5 ATM water resistance for swimming",In Stock,,SKU:SF-B0OW2002|Brand:OrbitFit|Model Name:OF-SW-PRO|Screen Size:1.4 Inches|Battery Life:7 Days|GPS:Built-in|Water Resistance:5 ATM|Operating System:OrbitOS 4
VoltCharge GaN 65W — Dual USB-C PD Charger,$2999,★★★★★,FastShip,"2,140",https://scrapifydatalabs.com/playground/ecommerce/product-sf-b0ow2002,SF-B0OW2002,,"Graphite Sport
Rose Gold
Silver Link",,"Built-in GPS for outdoor runs without your phone
24/7 heart rate and blood oxygen monitoring
1.4"" always-on AMOLED display
Up to 7 days typical battery life
5 ATM water resistance for swimming",In Stock,,SKU:SF-B0OW2002|Brand:OrbitFit|Model Name:OF-SW-PRO|Screen Size:1.4 Inches|Battery Life:7 Days|GPS:Built-in|Water Resistance:5 ATM|Operating System:OrbitOS 4
AetherController Elite — Wireless Gamepad,$5999,★★★★☆,,640,https://scrapifydatalabs.com/playground/ecommerce/product-sf-b0np1001,SF-B0NP1001,NovaPulse,"Midnight Black
Cloud White
Ocean Blue
Rose Gold","Standard
With Hard Case","ACTIVE NOISE CANCELLATION — silence commutes with hybrid ANC + transparency mode
40-HOUR BATTERY — full work week playback; 10 min charge = 5 hours
BLUETOOTH 5.3 MULTIPOINT — pair laptop + phone at the same time
ALL-DAY COMFORT — protein leather cushions, 250g lightweight build
CLEAR CALLS — AI dual-mic beamforming for meetings and travel
WHAT'S IN THE BOX — headphones, USB-C cable, 3.5mm aux, travel pouch",In Stock,"Designed for all-day listening

              NovaPulse Wireless Headphones combine hybrid active noise cancellation, multipoint Bluetooth 5.3,
              and a featherweight frame so you can move from desk to flight without swapping gear.
              Custom 40mm drivers deliver balanced mids and tight bass — whether you're in a standup or a subway tunnel.","SKU:SF-B0NP1001|Brand Name:NovaPulse|Model Name:NP-WH-530|Connectivity Technology:Bluetooth 5.3, 3.5mm aux|Wireless Communication:Bluetooth|Noise Control:Active Noise Cancellation|Ear Placement:Over Ear|Form Factor:Over Ear|Battery Life:40 Hours|Charging Time:2 Hours|Item Weight:8.8 ounces|Product Dimensions:7.1 x 6.7 x 3.2 inches|Color:Midnight Black|Material:Plastic, Protein Leather|Compatible Devices:Laptops, Smartphones, Tablets|Age Range:Adult|Country of Origin:Vietnam|UPC:812345678901"
ClickForge USB-C Hub 7-in-1 — Used Like New,$2200,★★★★☆,,54,https://scrapifydatalabs.com/playground/ecommerce/product-sf-b0ow2002,SF-B0OW2002,,"Graphite Sport
Rose Gold
Silver Link",,"Built-in GPS for outdoor runs without your phone
24/7 heart rate and blood oxygen monitoring
1.4"" always-on AMOLED display
Up to 7 days typical battery life
5 ATM water resistance for swimming",In Stock,,SKU:SF-B0OW2002|Brand:OrbitFit|Model Name:OF-SW-PRO|Screen Size:1.4 Inches|Battery Life:7 Days|GPS:Built-in|Water Resistance:5 ATM|Operating System:OrbitOS 4
"AeroBook Air 14 — Lightweight Laptop, 16GB RAM, 512GB SSD",$109900,★★★★★,,420,https://scrapifydatalabs.com/playground/ecommerce/product-sf-b0ow2002,SF-B0OW2002,,"Graphite Sport
Rose Gold
Silver Link",,"Built-in GPS for outdoor runs without your phone
24/7 heart rate and blood oxygen monitoring
1.4"" always-on AMOLED display
Up to 7 days typical battery life
5 ATM water resistance for swimming",In Stock,,SKU:SF-B0OW2002|Brand:OrbitFit|Model Name:OF-SW-PRO|Screen Size:1.4 Inches|Battery Life:7 Days|GPS:Built-in|Water Resistance:5 ATM|Operating System:OrbitOS 4
"ClearView 27"" 4K Display — IPS, USB-C 65W",$34999,★★★★☆,FastShip,332,https://scrapifydatalabs.com/playground/ecommerce/product-sf-b0ow2002,SF-B0OW2002,,"Graphite Sport
Rose Gold
Silver Link",,"Built-in GPS for outdoor runs without your phone
24/7 heart rate and blood oxygen monitoring
1.4"" always-on AMOLED display
Up to 7 days typical battery life
5 ATM water resistance for swimming",In Stock,,SKU:SF-B0OW2002|Brand:OrbitFit|Model Name:OF-SW-PRO|Screen Size:1.4 Inches|Battery Life:7 Days|GPS:Built-in|Water Resistance:5 ATM|Operating System:OrbitOS 4
ForgeDrive Portable SSD 1TB — USB 3.2,$8900,★★★★★,FastShip,"1,102",https://scrapifydatalabs.com/playground/ecommerce/product-sf-b0ow2002,SF-B0OW2002,,"Graphite Sport
Rose Gold
Silver Link",,"Built-in GPS for outdoor runs without your phone
24/7 heart rate and blood oxygen monitoring
1.4"" always-on AMOLED display
Up to 7 days typical battery life
5 ATM water resistance for swimming",In Stock,,SKU:SF-B0OW2002|Brand:OrbitFit|Model Name:OF-SW-PRO|Screen Size:1.4 Inches|Battery Life:7 Days|GPS:Built-in|Water Resistance:5 ATM|Operating System:OrbitOS 4
AeroBook Pro 16 — Refurbished Grade A,$89900,★★★★☆,FastShip,77,https://scrapifydatalabs.com/playground/ecommerce/product-sf-b0ow2002,SF-B0OW2002,,"Graphite Sport
Rose Gold
Silver Link",,"Built-in GPS for outdoor runs without your phone
24/7 heart rate and blood oxygen monitoring
1.4"" always-on AMOLED display
Up to 7 days typical battery life
5 ATM water resistance for swimming",In Stock,,SKU:SF-B0OW2002|Brand:OrbitFit|Model Name:OF-SW-PRO|Screen Size:1.4 Inches|Battery Life:7 Days|GPS:Built-in|Water Resistance:5 ATM|Operating System:OrbitOS 4
"OrbitFit Smartwatch Pro — GPS, Heart Rate, 7-Day Battery",$19900,★★★★☆,,508,https://scrapifydatalabs.com/playground/ecommerce/product-sf-b0ow2002,SF-B0OW2002,,"Graphite Sport
Rose Gold
Silver Link",,"Built-in GPS for outdoor runs without your phone
24/7 heart rate and blood oxygen monitoring
1.4"" always-on AMOLED display
Up to 7 days typical battery life
5 ATM water resistance for swimming",In Stock,,SKU:SF-B0OW2002|Brand:OrbitFit|Model Name:OF-SW-PRO|Screen Size:1.4 Inches|Battery Life:7 Days|GPS:Built-in|Water Resistance:5 ATM|Operating System:OrbitOS 4
WaveBar Mini Bluetooth Speaker — Waterproof IPX7,$3999,★★★★☆,FastShip,"3,881",https://scrapifydatalabs.com/playground/ecommerce/product-sf-b0ow2002,SF-B0OW2002,,"Graphite Sport
Rose Gold
Silver Link",,"Built-in GPS for outdoor runs without your phone
24/7 heart rate and blood oxygen monitoring
1.4"" always-on AMOLED display
Up to 7 days typical battery life
5 ATM water resistance for swimming",In Stock,,SKU:SF-B0OW2002|Brand:OrbitFit|Model Name:OF-SW-PRO|Screen Size:1.4 Inches|Battery Life:7 Days|GPS:Built-in|Water Resistance:5 ATM|Operating System:OrbitOS 4
"ClearCast USB Microphone — Cardioid, Mute, RGB",$6900,★★★★☆,FastShip,967,https://scrapifydatalabs.com/playground/ecommerce/product-sf-b0np1001,SF-B0NP1001,NovaPulse,"Midnight Black
Cloud White
Ocean Blue
Rose Gold","Standard
With Hard Case","ACTIVE NOISE CANCELLATION — silence commutes with hybrid ANC + transparency mode
40-HOUR BATTERY — full work week playback; 10 min charge = 5 hours
BLUETOOTH 5.3 MULTIPOINT — pair laptop + phone at the same time
ALL-DAY COMFORT — protein leather cushions, 250g lightweight build
CLEAR CALLS — AI dual-mic beamforming for meetings and travel
WHAT'S IN THE BOX — headphones, USB-C cable, 3.5mm aux, travel pouch",In Stock,"Designed for all-day listening

              NovaPulse Wireless Headphones combine hybrid active noise cancellation, multipoint Bluetooth 5.3,
              and a featherweight frame so you can move from desk to flight without swapping gear.
              Custom 40mm drivers deliver balanced mids and tight bass — whether you're in a standup or a subway tunnel.","SKU:SF-B0NP1001|Brand Name:NovaPulse|Model Name:NP-WH-530|Connectivity Technology:Bluetooth 5.3, 3.5mm aux|Wireless Communication:Bluetooth|Noise Control:Active Noise Cancellation|Ear Placement:Over Ear|Form Factor:Over Ear|Battery Life:40 Hours|Charging Time:2 Hours|Item Weight:8.8 ounces|Product Dimensions:7.1 x 6.7 x 3.2 inches|Color:Midnight Black|Material:Plastic, Protein Leather|Compatible Devices:Laptops, Smartphones, Tablets|Age Range:Adult|Country of Origin:Vietnam|UPC:812345678901"
"Nordic Mini 5G Phone — 128GB, Dual SIM, OLED",$44900,★★★★☆,FastShip,880,https://scrapifydatalabs.com/playground/ecommerce/product-sf-b0np1001,SF-B0NP1001,NovaPulse,"Midnight Black
Cloud White
Ocean Blue
Rose Gold","Standard
With Hard Case","ACTIVE NOISE CANCELLATION — silence commutes with hybrid ANC + transparency mode
40-HOUR BATTERY — full work week playback; 10 min charge = 5 hours
BLUETOOTH 5.3 MULTIPOINT — pair laptop + phone at the same time
ALL-DAY COMFORT — protein leather cushions, 250g lightweight build
CLEAR CALLS — AI dual-mic beamforming for meetings and travel
WHAT'S IN THE BOX — headphones, USB-C cable, 3.5mm aux, travel pouch",In Stock,"Designed for all-day listening

              NovaPulse Wireless Headphones combine hybrid active noise cancellation, multipoint Bluetooth 5.3,
              and a featherweight frame so you can move from desk to flight without swapping gear.
              Custom 40mm drivers deliver balanced mids and tight bass — whether you're in a standup or a subway tunnel.","SKU:SF-B0NP1001|Brand Name:NovaPulse|Model Name:NP-WH-530|Connectivity Technology:Bluetooth 5.3, 3.5mm aux|Wireless Communication:Bluetooth|Noise Control:Active Noise Cancellation|Ear Placement:Over Ear|Form Factor:Over Ear|Battery Life:40 Hours|Charging Time:2 Hours|Item Weight:8.8 ounces|Product Dimensions:7.1 x 6.7 x 3.2 inches|Color:Midnight Black|Material:Plastic, Protein Leather|Compatible Devices:Laptops, Smartphones, Tablets|Age Range:Adult|Country of Origin:Vietnam|UPC:812345678901"
"GlowDesk LED Lamp — Dimmable, USB-C, Eye-Care",$4200,★★★★☆,,189,https://scrapifydatalabs.com/playground/ecommerce/product-sf-b0np1001,SF-B0NP1001,NovaPulse,"Midnight Black
Cloud White
Ocean Blue
Rose Gold","Standard
With Hard Case","ACTIVE NOISE CANCELLATION — silence commutes with hybrid ANC + transparency mode
40-HOUR BATTERY — full work week playback; 10 min charge = 5 hours
BLUETOOTH 5.3 MULTIPOINT — pair laptop + phone at the same time
ALL-DAY COMFORT — protein leather cushions, 250g lightweight build
CLEAR CALLS — AI dual-mic beamforming for meetings and travel
WHAT'S IN THE BOX — headphones, USB-C cable, 3.5mm aux, travel pouch",In Stock,"Designed for all-day listening

              NovaPulse Wireless Headphones combine hybrid active noise cancellation, multipoint Bluetooth 5.3,
              and a featherweight frame so you can move from desk to flight without swapping gear.
              Custom 40mm drivers deliver balanced mids and tight bass — whether you're in a standup or a subway tunnel.","SKU:SF-B0NP1001|Brand Name:NovaPulse|Model Name:NP-WH-530|Connectivity Technology:Bluetooth 5.3, 3.5mm aux|Wireless Communication:Bluetooth|Noise Control:Active Noise Cancellation|Ear Placement:Over Ear|Form Factor:Over Ear|Battery Life:40 Hours|Charging Time:2 Hours|Item Weight:8.8 ounces|Product Dimensions:7.1 x 6.7 x 3.2 inches|Color:Midnight Black|Material:Plastic, Protein Leather|Compatible Devices:Laptops, Smartphones, Tablets|Age Range:Adult|Country of Origin:Vietnam|UPC:812345678901"
"PostureSeat Mesh Chair — Lumbar Support, 300lb",$18900,★★★★☆,,"1,554",https://scrapifydatalabs.com/playground/ecommerce/product-sf-b0np1001,SF-B0NP1001,NovaPulse,"Midnight Black
Cloud White
Ocean Blue
Rose Gold","Standard
With Hard Case","ACTIVE NOISE CANCELLATION — silence commutes with hybrid ANC + transparency mode
40-HOUR BATTERY — full work week playback; 10 min charge = 5 hours
BLUETOOTH 5.3 MULTIPOINT — pair laptop + phone at the same time
ALL-DAY COMFORT — protein leather cushions, 250g lightweight build
CLEAR CALLS — AI dual-mic beamforming for meetings and travel
WHAT'S IN THE BOX — headphones, USB-C cable, 3.5mm aux, travel pouch",In Stock,"Designed for all-day listening

              NovaPulse Wireless Headphones combine hybrid active noise cancellation, multipoint Bluetooth 5.3,
              and a featherweight frame so you can move from desk to flight without swapping gear.
              Custom 40mm drivers deliver balanced mids and tight bass — whether you're in a standup or a subway tunnel.","SKU:SF-B0NP1001|Brand Name:NovaPulse|Model Name:NP-WH-530|Connectivity Technology:Bluetooth 5.3, 3.5mm aux|Wireless Communication:Bluetooth|Noise Control:Active Noise Cancellation|Ear Placement:Over Ear|Form Factor:Over Ear|Battery Life:40 Hours|Charging Time:2 Hours|Item Weight:8.8 ounces|Product Dimensions:7.1 x 6.7 x 3.2 inches|Color:Midnight Black|Material:Plastic, Protein Leather|Compatible Devices:Laptops, Smartphones, Tablets|Age Range:Adult|Country of Origin:Vietnam|UPC:812345678901"
"GlowDesk Smart Plug Duo — Wi-Fi, Used Acceptable",$1299,★★★★☆,FastShip,41,https://scrapifydatalabs.com/playground/ecommerce/product-sf-b0ow2002,SF-B0OW2002,,"Graphite Sport
Rose Gold
Silver Link",,"Built-in GPS for outdoor runs without your phone
24/7 heart rate and blood oxygen monitoring
1.4"" always-on AMOLED display
Up to 7 days typical battery life
5 ATM water resistance for swimming",In Stock,,SKU:SF-B0OW2002|Brand:OrbitFit|Model Name:OF-SW-PRO|Screen Size:1.4 Inches|Battery Life:7 Days|GPS:Built-in|Water Resistance:5 ATM|Operating System:OrbitOS 4
OrbitFit Band Sport Loop — Official Store,$1999,★★★★☆,FastShip,220,https://scrapifydatalabs.com/playground/ecommerce/product-sf-b0ow2002,SF-B0OW2002,,"Graphite Sport
Rose Gold
Silver Link",,"Built-in GPS for outdoor runs without your phone
24/7 heart rate and blood oxygen monitoring
1.4"" always-on AMOLED display
Up to 7 days typical battery life
5 ATM water resistance for swimming",In Stock,,SKU:SF-B0OW2002|Brand:OrbitFit|Model Name:OF-SW-PRO|Screen Size:1.4 Inches|Battery Life:7 Days|GPS:Built-in|Water Resistance:5 ATM|Operating System:OrbitOS 4
WaveBar Boom Portable — Get It Tomorrow FastShip,$5400,★★★★☆,FastShip,610,https://scrapifydatalabs.com/playground/ecommerce/product-sf-b0ow2002,SF-B0OW2002,,"Graphite Sport
Rose Gold
Silver Link",,"Built-in GPS for outdoor runs without your phone
24/7 heart rate and blood oxygen monitoring
1.4"" always-on AMOLED display
Up to 7 days typical battery life
5 ATM water resistance for swimming",In Stock,,SKU:SF-B0OW2002|Brand:OrbitFit|Model Name:OF-SW-PRO|Screen Size:1.4 Inches|Battery Life:7 Days|GPS:Built-in|Water Resistance:5 ATM|Operating System:OrbitOS 4
SwiftClick Wired Office Mouse — Budget,$999,★★★★☆,FastShip,150,https://scrapifydatalabs.com/playground/ecommerce/product-sf-b0ow2002,SF-B0OW2002,,"Graphite Sport
Rose Gold
Silver Link",,"Built-in GPS for outdoor runs without your phone
24/7 heart rate and blood oxygen monitoring
1.4"" always-on AMOLED display
Up to 7 days typical battery life
5 ATM water resistance for swimming",In Stock,,SKU:SF-B0OW2002|Brand:OrbitFit|Model Name:OF-SW-PRO|Screen Size:1.4 Inches|Battery Life:7 Days|GPS:Built-in|Water Resistance:5 ATM|Operating System:OrbitOS 4
"TrailPack Daypack 22L — Water Resistant, Laptop Sleeve",$6425,★★★★☆,FastShip,,https://scrapifydatalabs.com/playground/ecommerce/product-sf-b0ow2002,SF-B0OW2002,,"Graphite Sport
Rose Gold
Silver Link",,"Built-in GPS for outdoor runs without your phone
24/7 heart rate and blood oxygen monitoring
1.4"" always-on AMOLED display
Up to 7 days typical battery life
5 ATM water resistance for swimming",In Stock,,SKU:SF-B0OW2002|Brand:OrbitFit|Model Name:OF-SW-PRO|Screen Size:1.4 Inches|Battery Life:7 Days|GPS:Built-in|Water Resistance:5 ATM|Operating System:OrbitOS 4
"LumenFrame Mirrorless X2 — 24MP, 4K30, Kit Lens",$89950,★★★★★,,,https://scrapifydatalabs.com/playground/ecommerce/product-sf-b0ow2002,SF-B0OW2002,,"Graphite Sport
Rose Gold
Silver Link",,"Built-in GPS for outdoor runs without your phone
24/7 heart rate and blood oxygen monitoring
1.4"" always-on AMOLED display
Up to 7 days typical battery life
5 ATM water resistance for swimming",In Stock,,SKU:SF-B0OW2002|Brand:OrbitFit|Model Name:OF-SW-PRO|Screen Size:1.4 Inches|Battery Life:7 Days|GPS:Built-in|Water Resistance:5 ATM|Operating System:OrbitOS 4
"VoltCharge GaN 65W — Dual USB-C PD, Foldable Plug",$2999,★★★★★,FastShip,,https://scrapifydatalabs.com/playground/ecommerce/product-sf-b0ow2002,SF-B0OW2002,,"Graphite Sport
Rose Gold
Silver Link",,"Built-in GPS for outdoor runs without your phone
24/7 heart rate and blood oxygen monitoring
1.4"" always-on AMOLED display
Up to 7 days typical battery life
5 ATM water resistance for swimming",In Stock,,SKU:SF-B0OW2002|Brand:OrbitFit|Model Name:OF-SW-PRO|Screen Size:1.4 Inches|Battery Life:7 Days|GPS:Built-in|Water Resistance:5 ATM|Operating System:OrbitOS 4
"SwiftClick Silent Mouse — Ergonomic, 4000 DPI",$2450,★★★★☆,FastShip,,https://scrapifydatalabs.com/playground/ecommerce/product-sf-b0ow2002,SF-B0OW2002,,"Graphite Sport
Rose Gold
Silver Link",,"Built-in GPS for outdoor runs without your phone
24/7 heart rate and blood oxygen monitoring
1.4"" always-on AMOLED display
Up to 7 days typical battery life
5 ATM water resistance for swimming",In Stock,,SKU:SF-B0OW2002|Brand:OrbitFit|Model Name:OF-SW-PRO|Screen Size:1.4 Inches|Battery Life:7 Days|GPS:Built-in|Water Resistance:5 ATM|Operating System:OrbitOS 4
"ClearCast USB Microphone — Cardioid, Mute Button",$6900,★★★★☆,FastShip,,https://scrapifydatalabs.com/playground/ecommerce/product-sf-b0ow2002,SF-B0OW2002,,"Graphite Sport
Rose Gold
Silver Link",,"Built-in GPS for outdoor runs without your phone
24/7 heart rate and blood oxygen monitoring
1.4"" always-on AMOLED display
Up to 7 days typical battery life
5 ATM water resistance for swimming",In Stock,,SKU:SF-B0OW2002|Brand:OrbitFit|Model Name:OF-SW-PRO|Screen Size:1.4 Inches|Battery Life:7 Days|GPS:Built-in|Water Resistance:5 ATM|Operating System:OrbitOS 4
"PostureSeat Mesh Chair — Lumbar Support, Adjustable Arms",$18900,★★★★☆,,,https://scrapifydatalabs.com/playground/ecommerce/product-sf-b0ow2002,SF-B0OW2002,,"Graphite Sport
Rose Gold
Silver Link",,"Built-in GPS for outdoor runs without your phone
24/7 heart rate and blood oxygen monitoring
1.4"" always-on AMOLED display
Up to 7 days typical battery life
5 ATM water resistance for swimming",In Stock,,SKU:SF-B0OW2002|Brand:OrbitFit|Model Name:OF-SW-PRO|Screen Size:1.4 Inches|Battery Life:7 Days|GPS:Built-in|Water Resistance:5 ATM|Operating System:OrbitOS 4
"RidgeTent 2-Person — Freestanding, Rainfly Included",$18900,★★★★☆,,,https://scrapifydatalabs.com/playground/ecommerce/product-sf-b0ow2002,SF-B0OW2002,,"Graphite Sport
Rose Gold
Silver Link",,"Built-in GPS for outdoor runs without your phone
24/7 heart rate and blood oxygen monitoring
1.4"" always-on AMOLED display
Up to 7 days typical battery life
5 ATM water resistance for swimming",In Stock,,SKU:SF-B0OW2002|Brand:OrbitFit|Model Name:OF-SW-PRO|Screen Size:1.4 Inches|Battery Life:7 Days|GPS:Built-in|Water Resistance:5 ATM|Operating System:OrbitOS 4
ForgeDrive Portable SSD 1TB — USB 3.2 Gen 2,$8900,★★★★★,FastShip,,https://scrapifydatalabs.com/playground/ecommerce/product-sf-b0ow2002,SF-B0OW2002,,"Graphite Sport
Rose Gold
Silver Link",,"Built-in GPS for outdoor runs without your phone
24/7 heart rate and blood oxygen monitoring
1.4"" always-on AMOLED display
Up to 7 days typical battery life
5 ATM water resistance for swimming",In Stock,,SKU:SF-B0OW2002|Brand:OrbitFit|Model Name:OF-SW-PRO|Screen Size:1.4 Inches|Battery Life:7 Days|GPS:Built-in|Water Resistance:5 ATM|Operating System:OrbitOS 4
"NovaPulse Sport Buds — IPX5, 24h Case Battery",$7900,★★★★☆,FastShip,,https://scrapifydatalabs.com/playground/ecommerce/product-sf-b0ow2002,SF-B0OW2002,,"Graphite Sport
Rose Gold
Silver Link",,"Built-in GPS for outdoor runs without your phone
24/7 heart rate and blood oxygen monitoring
1.4"" always-on AMOLED display
Up to 7 days typical battery life
5 ATM water resistance for swimming",In Stock,,SKU:SF-B0OW2002|Brand:OrbitFit|Model Name:OF-SW-PRO|Screen Size:1.4 Inches|Battery Life:7 Days|GPS:Built-in|Water Resistance:5 ATM|Operating System:OrbitOS 4
"ClickForge Keycap Set PBT — 135 Keys, Doubleshot",$3400,★★★★☆,FastShip,,https://scrapifydatalabs.com/playground/ecommerce/product-sf-b0ow2002,SF-B0OW2002,,"Graphite Sport
Rose Gold
Silver Link",,"Built-in GPS for outdoor runs without your phone
24/7 heart rate and blood oxygen monitoring
1.4"" always-on AMOLED display
Up to 7 days typical battery life
5 ATM water resistance for swimming",In Stock,,SKU:SF-B0OW2002|Brand:OrbitFit|Model Name:OF-SW-PRO|Screen Size:1.4 Inches|Battery Life:7 Days|GPS:Built-in|Water Resistance:5 ATM|Operating System:OrbitOS 4
"NoiseBlock Earplugs Pro — 3 pairs, travel tin",$1499,★★★★☆,FastShip,,https://scrapifydatalabs.com/playground/ecommerce/product-sf-b0ow2002,SF-B0OW2002,,"Graphite Sport
Rose Gold
Silver Link",,"Built-in GPS for outdoor runs without your phone
24/7 heart rate and blood oxygen monitoring
1.4"" always-on AMOLED display
Up to 7 days typical battery life
5 ATM water resistance for swimming",In Stock,,SKU:SF-B0OW2002|Brand:OrbitFit|Model Name:OF-SW-PRO|Screen Size:1.4 Inches|Battery Life:7 Days|GPS:Built-in|Water Resistance:5 ATM|Operating System:OrbitOS 4
DeskClamp Headphone Hanger — Aluminum,$1850,★★★★☆,FastShip,,https://scrapifydatalabs.com/playground/ecommerce/product-sf-b0ow2002,SF-B0OW2002,,"Graphite Sport
Rose Gold
Silver Link",,"Built-in GPS for outdoor runs without your phone
24/7 heart rate and blood oxygen monitoring
1.4"" always-on AMOLED display
Up to 7 days typical battery life
5 ATM water resistance for swimming",In Stock,,SKU:SF-B0OW2002|Brand:OrbitFit|Model Name:OF-SW-PRO|Screen Size:1.4 Inches|Battery Life:7 Days|GPS:Built-in|Water Resistance:5 ATM|Operating System:OrbitOS 4
