name,price,rating,fastShip_status,review_count,product_URL
"NovaPulse AirMax ANC Headphones — Noise Cancelling, 40h Battery",$14900,★★★★☆,FastShip,"12,408",https://scrapifydatalabs.com/playground/ecommerce/product-sf-b0np1001
"NovaPulse Wireless Headphones — Over-Ear, Built-in Mic",$12999,★★★★★,FastShip,214,https://scrapifydatalabs.com/playground/ecommerce/product-sf-b0np1001
"NovaPulse Sport Buds — IPX5, 24h Case Battery",$7900,★★★★☆,FastShip,"3,220",https://scrapifydatalabs.com/playground/ecommerce/product-sf-b0np1001
ClearCast Studio Monitor Headphones — Wired 3.5mm,$5900,★★★★☆,,188,https://scrapifydatalabs.com/playground/ecommerce/product-sf-b0np1001
WaveBar Open-Ear Sport Buds — Renewed,$3450,★★★★☆,FastShip,92,https://scrapifydatalabs.com/playground/ecommerce/product-sf-b0ow2002
"ClickForge Mechanical Keyboard — Hot-Swap, RGB, TKL",$8900,★★★★★,FastShip,"1,203",https://scrapifydatalabs.com/playground/ecommerce/product-sf-b0np1001
"SwiftClick Silent Mouse — Ergonomic, 4000 DPI",$2450,★★★★☆,FastShip,412,https://scrapifydatalabs.com/playground/ecommerce/product-sf-b0ow2002
VoltCharge GaN 65W — Dual USB-C PD Charger,$2999,★★★★★,FastShip,"2,140",https://scrapifydatalabs.com/playground/ecommerce/product-sf-b0ow2002
AetherController Elite — Wireless Gamepad,$5999,★★★★☆,,640,https://scrapifydatalabs.com/playground/ecommerce/product-sf-b0np1001
ClickForge USB-C Hub 7-in-1 — Used Like New,$2200,★★★★☆,,54,https://scrapifydatalabs.com/playground/ecommerce/product-sf-b0ow2002
"AeroBook Air 14 — Lightweight Laptop, 16GB RAM, 512GB SSD",$109900,★★★★★,,420,https://scrapifydatalabs.com/playground/ecommerce/product-sf-b0ow2002
"ClearView 27"" 4K Display — IPS, USB-C 65W",$34999,★★★★☆,FastShip,332,https://scrapifydatalabs.com/playground/ecommerce/product-sf-b0ow2002
ForgeDrive Portable SSD 1TB — USB 3.2,$8900,★★★★★,FastShip,"1,102",https://scrapifydatalabs.com/playground/ecommerce/product-sf-b0ow2002
AeroBook Pro 16 — Refurbished Grade A,$89900,★★★★☆,FastShip,77,https://scrapifydatalabs.com/playground/ecommerce/product-sf-b0ow2002
"OrbitFit Smartwatch Pro — GPS, Heart Rate, 7-Day Battery",$19900,★★★★☆,,508,https://scrapifydatalabs.com/playground/ecommerce/product-sf-b0ow2002
WaveBar Mini Bluetooth Speaker — Waterproof IPX7,$3999,★★★★☆,FastShip,"3,881",https://scrapifydatalabs.com/playground/ecommerce/product-sf-b0ow2002
"ClearCast USB Microphone — Cardioid, Mute, RGB",$6900,★★★★☆,FastShip,967,https://scrapifydatalabs.com/playground/ecommerce/product-sf-b0np1001
"Nordic Mini 5G Phone — 128GB, Dual SIM, OLED",$44900,★★★★☆,FastShip,880,https://scrapifydatalabs.com/playground/ecommerce/product-sf-b0np1001
"GlowDesk LED Lamp — Dimmable, USB-C, Eye-Care",$4200,★★★★☆,,189,https://scrapifydatalabs.com/playground/ecommerce/product-sf-b0np1001
"PostureSeat Mesh Chair — Lumbar Support, 300lb",$18900,★★★★☆,,"1,554",https://scrapifydatalabs.com/playground/ecommerce/product-sf-b0np1001
"GlowDesk Smart Plug Duo — Wi-Fi, Used Acceptable",$1299,★★★★☆,FastShip,41,https://scrapifydatalabs.com/playground/ecommerce/product-sf-b0ow2002
OrbitFit Band Sport Loop — Official Store,$1999,★★★★☆,FastShip,220,https://scrapifydatalabs.com/playground/ecommerce/product-sf-b0ow2002
WaveBar Boom Portable — Get It Tomorrow FastShip,$5400,★★★★☆,FastShip,610,https://scrapifydatalabs.com/playground/ecommerce/product-sf-b0ow2002
SwiftClick Wired Office Mouse — Budget,$999,★★★★☆,FastShip,150,https://scrapifydatalabs.com/playground/ecommerce/product-sf-b0ow2002
"TrailPack Daypack 22L — Water Resistant, Laptop Sleeve",$6425,★★★★☆,FastShip,,https://scrapifydatalabs.com/playground/ecommerce/product-sf-b0ow2002
"LumenFrame Mirrorless X2 — 24MP, 4K30, Kit Lens",$89950,★★★★★,,,https://scrapifydatalabs.com/playground/ecommerce/product-sf-b0ow2002
"VoltCharge GaN 65W — Dual USB-C PD, Foldable Plug",$2999,★★★★★,FastShip,,https://scrapifydatalabs.com/playground/ecommerce/product-sf-b0ow2002
"SwiftClick Silent Mouse — Ergonomic, 4000 DPI",$2450,★★★★☆,FastShip,,https://scrapifydatalabs.com/playground/ecommerce/product-sf-b0ow2002
"ClearCast USB Microphone — Cardioid, Mute Button",$6900,★★★★☆,FastShip,,https://scrapifydatalabs.com/playground/ecommerce/product-sf-b0ow2002
"PostureSeat Mesh Chair — Lumbar Support, Adjustable Arms",$18900,★★★★☆,,,https://scrapifydatalabs.com/playground/ecommerce/product-sf-b0ow2002
"RidgeTent 2-Person — Freestanding, Rainfly Included",$18900,★★★★☆,,,https://scrapifydatalabs.com/playground/ecommerce/product-sf-b0ow2002
ForgeDrive Portable SSD 1TB — USB 3.2 Gen 2,$8900,★★★★★,FastShip,,https://scrapifydatalabs.com/playground/ecommerce/product-sf-b0ow2002
"NovaPulse Sport Buds — IPX5, 24h Case Battery",$7900,★★★★☆,FastShip,,https://scrapifydatalabs.com/playground/ecommerce/product-sf-b0ow2002
"ClickForge Keycap Set PBT — 135 Keys, Doubleshot",$3400,★★★★☆,FastShip,,https://scrapifydatalabs.com/playground/ecommerce/product-sf-b0ow2002
"NoiseBlock Earplugs Pro — 3 pairs, travel tin",$1499,★★★★☆,FastShip,,https://scrapifydatalabs.com/playground/ecommerce/product-sf-b0ow2002
DeskClamp Headphone Hanger — Aluminum,$1850,★★★★☆,FastShip,,https://scrapifydatalabs.com/playground/ecommerce/product-sf-b0ow2002
